Class,Desulfovibrionaceae_Desulfovibrio,Enterobacteriaceae_Raoultella,Enterobacteriaceae_unknown_Klebsiella,Enterobacteriaceae_unknown_Kosakonia,Erysipelotrichaceae_unknown_Allobaculum,Eubacteriaceae_Eubacterium,Lachnospiraceae_other_Lachnobacterium,Leptotrichiaceae_Leptotrichia,Leuconostocaceae_Leuconostoc,Peptostreptococcaceae_Peptostreptococcus,Peptostreptococcaceae_unknown_Sporacetigenium,Prevotellaceae_unknown_Paraprevotella,Ruminococcaceae_Pseudoflavonifractor,Staphylococcaceae_Staphylococcus,Veillonellaceae_Allisonella,Verrucomicrobiaceae_Akkermansia,Clostridiales_Incertae Sedis XIII_unknown_Mogibacterium,Clostridiales_Incertae Sedis XI_unknown_Parvimonas,Clostridiales_Incertae Sedis XI_unknown_Soehngenia,Enterobacteriaceae_Enterobacter,Enterobacteriaceae_unknown_Raoultella,Erysipelotrichaceae_Holdemania,Lachnospiraceae_Anaerostipes,Lachnospiraceae_unknown_Clostridium XlVb,Marinilabiliaceae_unknown_Alkalitalea,Methylobacteriaceae_Methylobacterium,Ruminococcaceae_unknown_Intestinimonas,Veillonellaceae_unknown_Allisonella,Veillonellaceae_unknown_Megasphaera,Acidaminococcaceae_Acidaminococcus,Clostridiaceae 1_unknown_Clostridium sensu stricto,Coriobacteriaceae_Slackia,Lachnospiraceae_unknown_Lachnoanaerobaculum,Lachnospiraceae_unknown_Lachnospira,Lactobacillaceae_unknown_Paralactobacillus,Peptostreptococcaceae_unknown_Peptostreptococcaceae_incertae_sedis,Porphyromonadaceae_Butyricimonas,Ruminococcaceae_other_Hydrogenoanaerobacterium,Saccharibacteria_genera_incertae_sedis_Saccharibacteria_genera_incertae_sedis,Veillonellaceae_unknown_Dialister,Veillonellaceae_unknown_Veillonella,Carnobacteriaceae_unknown_Isobaculum,Clostridiaceae 1_unknown_Proteiniclasticum,Coriobacteriaceae_Atopobium,Enterobacteriaceae_Pluralibacter,Enterobacteriaceae_unknown_Enterobacter,Micrococcaceae_Rothia,Pasteurellaceae_unknown_Haemophilus,Peptococcaceae 1_unknown_Peptococcus,Propionibacteriaceae_Propionibacterium,Ruminococcaceae_unknown_Ruminococcus,Synergistaceae_unknown_Aminiphilus,Desulfovibrionaceae_Bilophila,Erysipelotrichaceae_Catenibacterium,Erysipelotrichaceae_Turicibacter,Ruminococcaceae_unknown_Papillibacter,Carnobacteriaceae_Granulicatella,Carnobacteriaceae_other_Isobaculum,Chloroplast_Streptophyta,Prevotellaceae_unknown_Alloprevotella,Ruminococcaceae_unknown_Acetivibrio,Actinomycetaceae_Actinomyces,Prevotellaceae_Paraprevotella,Ruminococcaceae_unknown_Gemmiger,Ruminococcaceae_unknown_Saccharofermentans,Coriobacteriaceae_unknown_Gordonibacter,Enterobacteriaceae_unknown_Citrobacter,Sutterellaceae_Sutterella,Coriobacteriaceae_Eggerthella,Lachnospiraceae_unknown_Eisenbergiella,Porphyromonadaceae_Barnesiella,Ruminococcaceae_unknown_Flavonifractor,Sutterellaceae_Parasutterella,Bacteroidales_incertae_sedis_unknown_Phocaeicola,Clostridiaceae 1_Clostridium sensu stricto,Fusobacteriaceae_Fusobacterium,Pasteurellaceae_Haemophilus,Prevotellaceae_unknown_Prevotella,Ruminococcaceae_unknown_Pseudoflavonifractor,Streptococcaceae_Lactococcus,Clostridiales_Incertae Sedis XIII_unknown_Anaerovorax,Lactobacillaceae_unknown_Lactobacillus,Porphyromonadaceae_Odoribacter,Ruminococcaceae_unknown_Acetanaerobacterium,Coriobacteriaceae_unknown_Asaccharobacter,Enterococcaceae_Enterococcus,Ruminococcaceae_unknown_Ethanoligenens,Streptococcaceae_unknown_Streptococcus,Peptostreptococcaceae_unknown_Clostridium XI,Clostridiales_Incertae Sedis XIII_Anaerovorax,Enterobacteriaceae_unknown_Pluralibacter,Lachnospiraceae_Coprococcus,Ruminococcaceae_unknown_Sporobacter,Erysipelotrichaceae_unknown_Clostridium XVIII,Ruminococcaceae_unknown_Anaerofilum,Veillonellaceae_Megasphaera,Erysipelotrichaceae_unknown_Coprobacillus,Lachnospiraceae_unknown_Lactonifactor,Ruminococcaceae_Butyricicoccus,Ruminococcaceae_Ruminococcus,Acidaminococcaceae_Phascolarctobacterium,Enterobacteriaceae_unknown_Escherichia/Shigella,Lachnospiraceae_Clostridium XlVb,Lachnospiraceae_Eisenbergiella,Veillonellaceae_Dialister,Lachnospiraceae_unknown_Fusicatenibacter,Enterobacteriaceae_Escherichia/Shigella,Ruminococcaceae_Clostridium IV,Ruminococcaceae_unknown_Butyricicoccus,Ruminococcaceae_unknown_Hydrogenoanaerobacterium,Bacteroidaceae_unknown_Bacteroides,Lachnospiraceae_unknown_Syntrophococcus,Lactobacillaceae_Lactobacillus,Ruminococcaceae_Flavonifractor,Ruminococcaceae_unknown_Anaerotruncus,Ruminococcaceae_unknown_Oscillibacter,Prevotellaceae_Prevotella,Veillonellaceae_Veillonella,Lachnospiraceae_unknown_Coprococcus,Ruminococcaceae_unknown_Faecalibacterium,Lachnospiraceae_unknown_Robinsoniella,Ruminococcaceae_Oscillibacter,Lachnospiraceae_unknown_Lachnobacterium,Ruminococcaceae_Subdoligranulum,Ruminococcaceae_unknown_Clostridium IV,Peptostreptococcaceae_Clostridium XI,Ruminococcaceae_unknown_Subdoligranulum,Coriobacteriaceae_Collinsella,Erysipelotrichaceae_Clostridium XVIII,Erysipelotrichaceae_Erysipelotrichaceae_incertae_sedis,Lachnospiraceae_Fusicatenibacter,Lachnospiraceae_Roseburia,Lachnospiraceae_unknown_Dorea,Bifidobacteriaceae_Bifidobacterium,Lachnospiraceae_unknown_Anaerostipes,Lachnospiraceae_unknown_Blautia,Rikenellaceae_Alistipes,Lachnospiraceae_Ruminococcus2,Lachnospiraceae_Dorea,Lachnospiraceae_unknown_Roseburia,Lachnospiraceae_unknown_Ruminococcus2,Ruminococcaceae_Faecalibacterium,Streptococcaceae_Streptococcus,Porphyromonadaceae_Parabacteroides,Lachnospiraceae_Clostridium XlVa,Lachnospiraceae_Lachnospiracea_incertae_sedis,Lachnospiraceae_Blautia,Lachnospiraceae_unknown_Clostridium XlVa,Lachnospiraceae_unknown_Lachnospiracea_incertae_sedis,Bacteroidaceae_Bacteroides
Control,0,0,0,0,0,0,0,0,0,0,0,0,0,0,0,0,0,0,0,0,0,0,0,0,0,0,0,0,0,0,0,0,0,0,0,0,0,0,0,0,0,0,0,0,0,0,0,0,0,0,0,0,0,0,0,0,0,0,0,0,0,0,0,0,0,0,0,0,0,0,0,0,0,0,0,0,0,0,0,0,0,0,0,0,0,0,0,0,0,0,0.001586882,0,0,0,0,0,0,0,0,0,0.015868818,0.002380323,0.009785771,0,0,0.002644803,0.007140968,0,0,0,0,0,0,0.003967204,0,0,0,0,0.002909283,0.001057921,0.001322401,0.002380323,0,0,0,0,0,0.003438244,0,0.002115842,0.024332187,0,0.003173764,0,0.014017456,0.006876488,0.004496165,0,0.004231685,0.002644803,0.005554086,0.010579212,0.019836022,0.397249405,0.003438244,0.020364983,0.022480825,0.005554086,0.023274266,0.37529754
Control,0,0,0,0,0,0.001870557,0,0,0,0,0,0,0,0,0,0,0,0,0,0,0,0,0,0,0,0,0,0,0,0,0,0.008978676,0,0,0,0,0,0,0,0,0,0.001122334,0,0,0,0,0.001870557,0,0,0,0,0,0,0,0,0,0,0,0,0,0,0,0,0,0,0,0,0,0.001496446,0,0,0,0,0,0,0,0,0,0,0,0,0.015338571,0,0,0,0,0,0.002992892,0,0.005611672,0,0,0.001870557,0,0,0.001496446,0,0,0,0,0,0,0,0,0,0,0,0,0,0,0,0.001122334,0.548821549,0,0.00261878,0.001496446,0,0,0,0,0,0.005237561,0,0,0,0,0,0.011597456,0.004863449,0.12345679,0,0,0.002992892,0,0,0.007108118,0,0.029180696,0.01010101,0.00261878,0.010849233,0.006734007,0.156004489,0,0,0,0.028058361,0,0.002244669,0.002244669
Control,0,0,0,0,0,0,0,0,0,0,0,0,0,0,0,0,0,0,0,0,0,0,0,0,0,0,0,0,0,0,0,0,0,0,0,0,0,0,0,0,0,0,0,0,0,0,0,0,0,0,0,0,0,0,0,0,0,0,0,0,0,0,0,0,0,0,0,0,0,0.001564129,0,0,0,0,0.001216545,0,0,0,0.004344804,0.001042753,0.001042753,0,0.023288147,0,0.002085506,0,0,0,0.001216545,0,0,0.003649635,0.002954466,0.005735141,0,0,0.005039972,0.002606882,0,0.006604101,0.003997219,0,0,0,0.003475843,0.003302051,0,0.001216545,0.00243309,0.001042753,0.002085506,0.002780674,0.001737921,0,0.00973236,0.010775113,0,0,0.02346194,0.008168231,0.004692388,0.011817866,0.00243309,0.008342023,0,0.014077164,0.010253737,0.003823427,0.008689607,0,0.015815085,0.015815085,0.005908933,0.002780674,0.00973236,0.006082725,0.018074383,0.01216545,0.005908933,0.011296489,0.014250956,0.064303094,0.005213764,0.009906152,0.00243309,0.127389642,0.02189781,0.006256517,0.07942301,0.364615919
Control,0,0,0,0,0,0,0,0,0,0,0,0,0,0,0,0,0,0,0,0,0,0,0,0.001097695,0,0,0,0,0,0,0,0,0,0,0,0,0,0,0,0,0,0,0,0,0,0,0,0,0,0,0,0,0,0,0,0,0,0.001097695,0,0,0,0,0,0,0,0,0,0.009147457,0,0.011342847,0,0.001097695,0,0,0,0,0,0,0,0,0.001829491,0,0,0,0,0,0,0,0,0.001097695,0,0.001463593,0,0.00841566,0,0,0.00219539,0,0.001097695,0.009513355,0,0,0.003293085,0,0.007317966,0,0,0.001829491,0.001097695,0.003293085,0,0.003658983,0,0.004390779,0.00219539,0.005122576,0,0,0,0.001463593,0.007683864,0.010245152,0.006586169,0.023783388,0.001097695,0,0.016099524,0,0.025978778,0.021953897,0,0.015367728,0.007683864,0,0,0.015001829,0.00841566,0.007683864,0.005488474,0.014270033,0.001829491,0.045371387,0.006952067,0.04903037,0.005122576,0.028174168,0.105378705,0.035858031,0.025978778,0.425905598
Control,0,0,0,0,0,0,0,0,0,0,0,0,0,0,0,0,0,0,0,0,0,0,0,0,0,0,0,0,0,0,0,0,0.001368457,0,0,0.004447485,0,0.001710571,0,0,0,0.001026343,0,0,0,0,0,0,0,0,0,0,0,0,0.001368457,0,0,0.001026343,0,0,0,0,0,0,0,0,0,0,0,0.003763257,0,0,0.029763941,0,0.001026343,0,0,0,0,0,0,0,0,0,0,0,0,0,0.010605542,0,0.001026343,0.001026343,0,0.004447485,0,0,0.004105371,0.001368457,0,0.006158057,0.031132398,0.002736914,0,0,0,0.008552857,0.004447485,0,0,0,0,0.001026343,0,0.001710571,0,0,0,0,0.0023948,0.001368457,0.001026343,0,0.001710571,0,0,0.037290455,0,0,0,0,0.057817311,0.040711598,0.001710571,0.004447485,0.036264112,0.013342456,0.008552857,0.018132056,0.002736914,0.013684571,0.014026685,0.049948683,0.001026343,0.21895313,0.0023948,0.058159425,0.042764283,0.004105371,0.03044817,0.213137188
Control,0,0,0,0,0,0,0,0,0,0,0,0,0,0,0,0,0,0,0,0,0,0,0,0,0,0,0,0,0,0,0,0,0,0,0,0,0,0.001783398,0,0,0,0.00113489,0,0,0,0,0,0,0,0,0,0,0,0,0,0.00113489,0,0.002107652,0,0,0,0,0.02075227,0,0,0,0,0,0,0,0,0,0.001945525,0,0,0,0,0,0,0,0,0,0,0,0,0,0,0,0,0,0,0,0,0,0,0,0,0.001783398,0.00226978,0,0.04766537,0,0.001297017,0,0,0.004701686,0,0.002107652,0.001945525,0.00226978,0.001945525,0,0,0.00113489,0,0.001297017,0,0,0,0.004701686,0,0.004701686,0.002431907,0.001297017,0.004377432,0.001783398,0.002107652,0.003080415,0,0,0.017996109,0,0.002431907,0,0.014915694,0.00616083,0.001783398,0.010700389,0.001621271,0.002107652,0.00843061,0.053988327,0,0.158884565,0.001945525,0.066472114,0.047341115,0.004215305,0.024481193,0.454766537
Control,0,0,0,0,0,0,0,0,0,0,0,0,0,0,0,0,0,0.003171726,0,0,0,0,0,0,0,0,0,0,0,0,0,0,0.009968283,0,0,0.001812415,0,0,0,0,0,0,0,0,0,0,0,0,0.002718623,0,0.001359311,0,0,0,0,0.00362483,0,0,0,0,0.002718623,0,0,0.001359311,0.002265519,0,0,0.001359311,0,0,0,0.002718623,0,0,0,0,0,0,0.003171726,0,0,0,0.006796556,0.004077934,0.006796556,0,0.006343453,0,0.004531038,0.00362483,0,0,0.007702764,0,0,0,0.004531038,0,0,0.028545537,0,0,0.004531038,0,0.005890349,0,0,0.004531038,0.009515179,0.004984141,0,0,0,0.002718623,0.005437245,0.044857272,0,0,0,0,0.001812415,0.015405528,0.003171726,0.004077934,0.019030358,0.01449932,0.013593113,0.01812415,0.002265519,0.004531038,0,0,0.016764839,0,0.009515179,0.004531038,0.42772995,0.004077934,0.00724966,0.001359311,0.013140009,0.001359311,0.017217943,0.001812415,0.00362483,0.064340734,0.017217943,0.008608971,0.023561396,0.089714545
Control,0,0,0,0,0,0,0,0,0,0,0,0,0,0,0,0,0,0,0,0,0.002401222,0,0,0,0,0,0,0,0,0,0,0,0,0.001309758,0,0.001637197,0,0,0,0,0,0,0,0,0,0,0,0,0,0,0,0.001200611,0,0,0,0,0,0,0,0,0,0,0,0,0,0.003383541,0,0,0,0,0.010914647,0,0,0,0,0,0.001091465,0.007531107,0,0,0,0,0,0,0,0,0.002401222,0,0.00589391,0,0,0.002728662,0,0.074547042,0,0,0.037437241,0.001091465,0.001746344,0,0,0,0,0,0,0.00403842,0,0,0.0077494,0.001200611,0,0.001746344,0,0.001091465,0,0.002837808,0.229971622,0,0.005239031,0.005457324,0.001091465,0,0.002073783,0.006112203,0.001200611,0.026086007,0.012115259,0.006330496,0.019646365,0.028705523,0.016699411,0.010805501,0.008840864,0.007203667,0.018445754,0.006439642,0.006876228,0.018773194,0.00589391,0.005020738,0.020301244,0.063523248,0,0.002182929,0.001091465,0.134577603,0.027177472,0.002946955,0.037655534,0.087535473
Control,0,0,0,0,0,0,0.001119194,0,0,0,0,0,0,0,0,0,0,0,0,0,0,0,0,0,0,0,0,0,0,0,0,0,0.001678791,0.002797985,0,0,0,0,0,0,0,0,0,0,0,0,0,0,0,0,0,0,0,0,0,0,0,0,0,0,0.001678791,0.001678791,0,0,0,0.001678791,0,0,0,0,0,0,0.001678791,0,0,0,0,0,0,0,0,0,0,0,0.002238388,0,0,0,0,0.002238388,0,0,0,0,0,0.001678791,0.00391718,0.001119194,0,0,0.020705092,0,0,0,0,0.001119194,0,0,0,0,0,0.001678791,0,0.002797985,0.005036374,0,0,0,0.00391718,0.001119194,0.005036374,0.001678791,0.00391718,0,0.003357583,0,0.001119194,0.027420257,0.005036374,0.001119194,0.023503078,0.001678791,0.016787913,0,0.139339675,0.022383884,0.010632345,0.008953553,0.020705092,0.010072748,0.023503078,0.032456631,0.006715165,0.002238388,0.002797985,0.270844992,0.091214326,0.002238388,0.04029099,0.165081142
Control,0,0,0,0,0,0,0,0,0,0,0,0,0,0,0,0,0,0,0,0,0,0,0,0,0,0,0,0,0,0,0,0,0,0,0,0,0,0,0,0,0,0,0,0,0,0,0,0,0,0,0,0,0,0,0,0,0,0,0,0,0,0,0,0,0,0,0,0,0,0,0,0,0,0.001040944,0,0,0,0,0,0,0,0,0,0,0,0,0,0,0,0,0,0,0,0,0,0,0,0,0,0.001040944,0.02480916,0,0,0,0,0,0,0,0,0,0.002602359,0,0,0,0,0,0,0,0,0.004163775,0,0,0,0.007113116,0,0,0.032095767,0.031748786,0,0,0,0,0.003122831,0,0.014573213,0.010582929,0,0.011276891,0.009368494,0,0.012491325,0.096981263,0,0.047536433,0.002081888,0.002081888,0.044240111,0.003643303,0.012491325,0.624913255
Control,0,0,0,0,0,0,0,0,0,0,0,0,0,0,0,0,0,0,0,0,0,0,0,0,0,0,0,0,0,0,0,0,0,0,0,0,0,0,0,0.005895924,0,0,0.002307101,0,0,0,0,0,0,0,0.005383235,0,0,0.007177647,0,0.003076134,0,0,0,0,0.001794412,0,0,0,0.005383235,0.009484748,0,0,0,0,0.022558318,0.011279159,0,0,0,0,0,0,0.004870546,0,0.002563445,0,0,0.001538067,0.006408613,0,0.001538067,0,0,0.005126891,0,0,0.007433991,0.032043066,0,0,0.01358626,0.001281723,0,0.022558318,0,0,0.001281723,0,0.009997437,0.00281979,0,0,0.039220713,0.005383235,0,0.004101512,0,0,0.003332479,0.005126891,0,0,0.004614201,0,0.001281723,0.003332479,0.003588823,0.002050756,0.00281979,0.001281723,0.00794668,0.005895924,0.006408613,0,0.017944117,0.008203025,0.004614201,0.011535504,0.012560882,0.012048193,0.022301974,0.016149705,0.011535504,0.005383235,0.011022815,0.00281979,0.003332479,0.004870546,0,0.105101256,0.082030249,0.001281723,0.036144578,0.347346834
Control,0,0,0,0,0,0,0,0,0,0,0,0,0.001568452,0,0,0,0,0,0,0,0,0,0,0.001792516,0,0,0,0,0,0,0,0,0,0,0,0,0,0,0,0,0,0,0,0,0.001120323,0,0,0,0,0,0.001120323,0,0,0,0,0,0,0,0,0,0,0,0.010755097,0,0,0,0.001792516,0,0,0.002016581,0.02128613,0,0.019045485,0,0,0,0,0,0.001344387,0,0,0,0,0,0,0,0,0,0,0,0.003809097,0,0,0.00246471,0.004033162,0,0,0.001120323,0,0.002016581,0,0.007618194,0.004257226,0,0.002240645,0,0.006721936,0.002240645,0.002688774,0.006273807,0.001120323,0.003360968,0,0.004033162,0.008962581,0.001344387,0,0,0.001568452,0,0.005153484,0.003585032,0,0,0.001120323,0,0.005377549,0.002016581,0.002240645,0,0.005601613,0,0,0.004481291,0.007170065,0.002240645,0.003136903,0.003585032,0.001568452,0.004257226,0.002688774,0.00941071,0,0.122115169,0.006721936,0.025319292,0.006497871,0.030920905,0.008290388,0.60878333
Control,0,0,0,0,0,0.001299827,0,0,0,0,0.002166378,0,0,0,0,0,0.002599653,0,0,0,0,0,0,0,0,0,0,0,0,0,0,0,0,0,0,0.003466205,0,0,0.001733102,0,0,0,0.001299827,0,0,0,0,0,0,0.001299827,0,0,0,0,0.004766031,0,0.001733102,0,0,0,0,0,0,0,0.03812825,0,0,0,0,0,0,0,0.001299827,0,0.024263432,0,0,0,0,0.002599653,0.005199307,0,0,0,0.001299827,0,0.001733102,0,0.022097054,0.001299827,0.003032929,0,0,0,0.008232236,0,0,0,0,0.040294627,0,0.005199307,0.00779896,0.001733102,0.055459272,0,0.003466205,0,0,0.004332756,0,0.002599653,0,0.001733102,0.009965338,0,0,0,0,0,0.001299827,0.007365685,0,0.001299827,0.009965338,0.286395147,0.006932409,0.036828423,0.00389948,0,0.010398614,0.009965338,0.005632582,0.01559792,0.012564991,0.005632582,0.006932409,0,0.002166378,0.004332756,0.007365685,0,0.014731369,0.002166378,0.001299827,0.113518198,0.029462738,0.006499133,0.012564991,0.12305026
Control,0,0,0,0,0,0,0,0,0,0,0,0,0,0,0,0,0,0,0,0,0,0,0,0.001495513,0,0,0,0,0,0,0,0,0,0.001329345,0,0,0,0,0,0,0,0,0,0,0,0,0,0,0,0,0,0,0.001163177,0,0,0.00182785,0,0,0,0,0,0,0,0.001329345,0,0,0,0,0,0,0,0,0.07145231,0,0,0,0,0,0.003988036,0.001163177,0,0,0.010302426,0,0.002326354,0,0,0,0,0,0,0,0,0.001163177,0,0,0,0.005317381,0.001661682,0.003157195,0.009637753,0.005982054,0.011631771,0,0,0,0.004985045,0,0.001163177,0,0.001994018,0,0,0.001994018,0,0.005982054,0,0,0.002824859,0.002658691,0,0.007809904,0.001495513,0.001661682,0,0.003157195,0.008474576,0.023097375,0.00448654,0.04968428,0.003489531,0.013791957,0,0,0.00182785,0.005982054,0.071618478,0.003988036,0.001329345,0.005151213,0.004154204,0.025589897,0,0.025423729,0,0.096211366,0.03888335,0.005815886,0.01811233,0.4222333
Control,0,0,0,0,0,0,0,0,0,0,0,0,0.002156334,0,0,0,0,0,0,0,0,0,0.00458221,0,0,0,0,0,0,0,0,0,0,0,0,0,0,0.001078167,0,0,0,0,0,0,0,0,0,0,0,0,0,0,0,0,0,0,0,0,0,0,0,0,0,0.001078167,0,0,0,0,0,0,0,0,0.015633423,0.001078167,0,0,0,0,0.002425876,0,0,0,0.006469003,0.001347709,0.004312668,0,0.001347709,0,0,0,0,0,0,0,0,0,0.006199461,0,0,0,0,0,0,0,0,0.002425876,0,0.006469003,0,0,0.001347709,0.001617251,0,0.004312668,0.001617251,0.001886792,0,0,0,0,0.002695418,0.019407008,0.001347709,0.007008086,0.005660377,0,0.018059299,0,0.001886792,0.001347709,0.027493261,0,0.001347709,0.009973046,0.001347709,0.005660377,0.018598383,0.001078167,0.001078167,0.002695418,0.001617251,0.005121294,0.002695418,0.210781671,0.008625337,0.005121294,0.024528302,0.018328841,0.010242588,0.518867925
Control,0,0,0,0,0,0,0,0,0,0,0,0,0,0,0,0,0,0,0,0,0,0,0,0,0.020136408,0,0,0,0,0,0,0,0,0.001299123,0,0,0.001299123,0,0,0,0,0,0,0,0,0,0,0,0.002598246,0,0.00422215,0,0,0,0,0,0,0,0,0.009093862,0,0,0,0,0,0,0,0,0,0,0.001299123,0,0.032478077,0,0,0,0,0.021435531,0.002923027,0,0,0,0.002923027,0.002923027,0,0,0.001948685,0,0,0,0,0.003247808,0.003897369,0.001623904,0,0,0,0,0.001623904,0.002598246,0,0,0,0,0,0.008119519,0,0,0.02923027,0.002273465,0.001623904,0.002598246,0,0,0,0.006495615,0.018512504,0,0.002598246,0.009743423,0.001299123,0.012341669,0,0.006495615,0,0,0.018837285,0,0,0.023384216,0.017862943,0.008119519,0,0,0.003572589,0.001623904,0.04611887,0.010717766,0,0.005846054,0.007469958,0.217278337,0,0.0084443,0,0.100032478,0.009743423,0.003247808,0.03767457,0.261123741
Control,0,0,0,0,0,0,0,0,0,0,0,0.003640146,0,0,0,0,0,0,0,0,0,0,0,0,0,0,0,0.002773444,0,0.005720229,0,0,0,0,0,0,0,0,0,0.003813486,0,0,0,0,0,0,0,0,0.002080083,0,0,0.003293465,0,0,0,0,0,0,0,0.024960998,0,0,0,0,0,0,0,0,0,0.001213382,0.006933611,0,0,0.001733403,0,0,0,0.255330213,0,0,0,0.001386722,0,0,0,0,0,0,0,0,0,0,0.003640146,0.002253423,0,0,0.001386722,0,0.002080083,0.004853527,0,0,0,0,0.007453631,0,0,0,0.002426764,0,0.001213382,0.002946785,0.017334027,0,0,0.023227596,0.193274398,0,0.002080083,0.005200208,0.001906743,0.001213382,0.002426764,0.002773444,0,0.00624025,0.001560062,0,0.001213382,0,0,0.063095857,0,0.003120125,0.004160166,0.002080083,0.013867221,0.001906743,0,0.010747097,0.002773444,0.048708615,0,0.002080083,0,0.035881435,0.007800312,0.001733403,0.020454151,0.18200728
Control,0,0,0,0,0,0,0,0,0,0,0,0,0,0,0,0,0,0,0,0,0,0,0,0,0.031927711,0,0,0,0,0,0,0,0,0,0,0,0,0,0,0,0,0,0,0,0,0,0,0,0,0,0,0,0,0,0,0,0,0,0,0,0,0,0,0,0,0,0,0,0,0,0,0,0.043574297,0,0,0,0,0,0,0,0,0,0,0,0.001606426,0,0,0,0.001204819,0,0,0,0,0.016064257,0,0,0.008032129,0.003413655,0,0.001204819,0.007429719,0,0,0,0,0.004016064,0,0,0.001405622,0.001204819,0.002208835,0.001807229,0,0,0,0.001204819,0,0,0,0.003614458,0.001204819,0.001606426,0.001405622,0.003413655,0,0,0.011445783,0.006425703,0,0,0.018473896,0.047991968,0.005220884,0,0.011044177,0.003413655,0,0.014056225,0.0062249,0.015060241,0.012048193,0.05,0,0.018273092,0.003815261,0.103614458,0.01184739,0.008634538,0.042369478,0.47248996
Control,0,0,0,0,0,0,0,0,0,0,0,0,0.001823487,0,0,0,0.002188184,0,0,0,0,0,0,0.001094092,0,0,0,0,0,0,0,0,0,0,0,0,0,0,0,0,0,0,0,0,0,0,0,0,0,0,0,0,0,0,0,0,0,0,0,0,0,0,0,0,0,0,0,0,0,0,0,0.002796013,0,0,0,0,0,0,0.00316071,0,0.002066618,0,0.008388038,0.001215658,0.001458789,0,0.002796013,0,0,0,0,0.001337223,0.001094092,0.002188184,0.001094092,0,0,0.001458789,0,0,0,0,0.001701921,0,0.011548748,0.001094092,0,0.00401167,0,0.003403841,0.001458789,0,0,0.00230975,0.00230975,0.004619499,0,0,0.004619499,0.002917578,0.001823487,0.009603696,0.001215658,0.001337223,0.006564551,0.001094092,0.010089959,0.002552881,0.032579626,0,0.005835157,0,0.002066618,0,0.004741065,0.005348894,0.039995137,0.024677851,0.001823487,0.003282276,0.007293946,0.018113299,0,0.125699003,0.01033309,0.065888646,0.020058352,0.011791879,0.020787746,0.491247265
Control,0,0,0,0,0,0,0,0,0,0,0,0,0,0,0,0,0,0,0,0,0,0,0,0,0.020036991,0,0,0,0,0,0,0.003082614,0.001849568,0,0,0,0.00215783,0,0,0,0,0,0,0,0,0,0,0,0.022194821,0,0,0.002466091,0,0,0.004623921,0.027127004,0,0,0,0,0.001541307,0,0.001541307,0,0,0.004932182,0,0,0,0,0,0.003390875,0,0,0,0,0,0,0.00215783,0,0.001541307,0,0.008631319,0.004007398,0,0,0.007398274,0,0.005548705,0.001849568,0,0.001849568,0.001849568,0.001849568,0,0,0.001541307,0,0,0.025893958,0,0,0,0,0,0.002466091,0,0.003390875,0.003699137,0.001541307,0,0,0,0.001541307,0,0.007090012,0.003699137,0,0.007706535,0,0,0.011097411,0,0,0.002774353,0.028976572,0.00431566,0.032367448,0,0.492909988,0.002466091,0,0.009556104,0.067509248,0.011713933,0.001849568,0.022811344,0,0.009864365,0,0.007090012,0.006165228,0,0.00215783,0,0.023736128,0.023736128,0,0.017262639,0.031442663
Control,0,0,0,0,0,0,0,0,0,0,0,0,0.001621959,0,0,0,0,0,0,0,0,0,0,0,0,0,0,0,0,0,0,0,0,0.003368684,0,0,0,0,0,0,0,0,0,0,0,0,0,0,0,0,0,0,0,0,0,0,0,0,0,0,0,0,0,0,0,0,0,0,0.001746725,0,0.030193387,0.001746725,0,0,0,0,0,0,0,0,0,0,0.005739239,0,0,0,0,0,0,0,0,0.001746725,0,0.03106675,0,0,0.014597629,0.001247661,0.001996257,0,0.013599501,0,0.002121023,0,0,0.001746725,0,0,0,0,0,0.001122895,0,0.002245789,0,0.00411728,0,0,0.006487835,0.002370555,0,0.001871491,0.001746725,0.001372427,0.001247661,0.002994386,0.002370555,0.004990643,0.002620087,0,0.009107923,0,0.00474111,0.00761073,0.010605115,0.003368684,0.038552714,0.015346226,0.007985028,0.002121023,0.009856519,0.031316282,0,0.024953213,0.001621959,0.258515284,0.021459763,0.001372427,0.038303182,0.365065502
Control,0,0,0,0,0,0,0,0,0,0,0,0,0,0,0,0,0,0,0,0,0,0,0,0,0,0,0,0,0,0,0.001406046,0,0,0,0,0.005122025,0,0,0,0,0,0,0,0,0,0,0,0,0.003113388,0,0.001305614,0.004619865,0,0,0.011449232,0.003213819,0,0,0.00110475,0,0,0,0,0,0.004017274,0,0,0,0,0,0,0,0.001305614,0,0.040172743,0,0.005624184,0,0,0,0.001305614,0,0,0,0.001305614,0,0,0,0.031736467,0.005322888,0,0,0,0.006829366,0.009842322,0,0.004419002,0.002209501,0,0.003515115,0.003715979,0,0,0.001506478,0.002611228,0,0,0.008737572,0.014562619,0.013257005,0,0.001406046,0,0,0.006025911,0.009239731,0,0,0,0,0,0.001406046,0,0.002510796,0,0.431957417,0.007632821,0,0,0.003715979,0.002309933,0.003113388,0,0.003213819,0,0,0.00974189,0.003213819,0.001707342,0.001908205,0.001707342,0.003012956,0.007231094,0.026614442,0.046098222,0.034648991,0.005825048,0.023701918,0.009239731,0.159485789
Control,0,0,0,0,0,0,0,0,0,0,0,0,0,0,0,0,0,0,0,0,0,0,0,0,0,0,0,0,0,0,0,0,0,0,0,0,0,0,0,0,0,0,0,0,0,0,0,0,0,0,0,0,0,0,0,0,0,0,0,0,0,0,0,0,0,0.001522843,0,0.008629442,0,0,0,0,0,0,0,0.315736041,0,0,0,0,0,0,0,0,0,0,0,0,0,0,0.003045685,0,0,0,0,0.001184433,0,0,0,0,0.015228426,0,0,0,0,0,0.002791878,0,0,0,0,0,0,0,0,0,0,0,0.008883249,0,0.002961083,0.001522843,0,0,0.00143824,0.001692047,0,0.001269036,0,0,0,0.003299492,0,0.002876481,0.00676819,0,0.017766497,0,0.002791878,0.010490694,0.00321489,0,0.010744501,0.001692047,0.008375635,0.003891709,0.003637902,0.007275804,0.016751269,0.534517766
Control,0,0,0,0,0,0,0,0,0,0,0,0,0,0,0,0,0,0,0,0,0,0,0,0,0,0,0,0,0,0,0,0,0,0,0,0,0,0,0,0,0,0,0,0,0,0,0,0,0,0,0.011990408,0,0,0,0,0,0,0,0,0,0,0,0.02763007,0,0,0.002189553,0,0,0,0,0.016786571,0.001251173,0.005838807,0,0,0,0,0,0.002085288,0,0.002293817,0,0.0061516,0,0.001981024,0,0.001563966,0,0.001146909,0,0,0.001563966,0,0,0,0,0,0,0.001042644,0.019914503,0,0,0,0,0.002815139,0.001251173,0,0,0.003857783,0.001042644,0,0,0,0.001459702,0,0.003232197,0,0,0.003336461,0.007715567,0.001146909,0.015326869,0.001459702,0,0.001042644,0.00354499,0,0,0,0,0.005630278,0.064331144,0.001876759,0,0.006047336,0.002398082,0.03117506,0.009696591,0.004170577,0.01157335,0.007611302,0.205296632,0.001042644,0.019810239,0.0061516,0.045563549,0.013241581,0.005108956,0.03378167,0.37483057
Control_AC,0,0,0,0,0,0,0,0,0,0,0,0,0,0,0,0,0,0.002989943,0,0,0,0,0,0,0,0,0,0,0,0,0,0,0,0,0,0,0,0,0,0,0,0,0,0,0,0,0,0,0,0,0,0.00293558,0,0.374938842,0.001141615,0.001957054,0,0,0,0,0,0,0,0,0,0.001902691,0,0,0,0,0,0,0,0,0.001359065,0,0,0,0,0,0.001195977,0,0,0,0.003533569,0,0,0,0,0.005055722,0,0.00293558,0.001195977,0,0,0,0,0,0,0,0,0,0,0,0,0,0,0.002174504,0.002228867,0.002065779,0,0,0,0,0.001522153,0,0,0,0.006795325,0.002174504,0,0,0.002228867,0.012068497,0.001685241,0.002881218,0.02636586,0.022832291,0,0.036314216,0.003044306,0.00146779,0.008752378,0.069910302,0.013047024,0.007719489,0.003207393,0.013427562,0.010926882,0.001304702,0.017178581,0.009078554,0.002826855,0.001576515,0.002174504,0.040337048,0.072845882,0.002989943,0.014949715,0.18075564
Control_AC,0,0,0,0,0,0,0.001233493,0,0,0,0,0,0,0,0,0,0,0,0,0,0,0,0,0,0,0,0,0,0,0,0,0,0.001306051,0,0,0,0,0,0,0,0,0,0,0,0,0,0.001451168,0,0,0,0,0,0,0,0.007473516,0,0,0,0,0,0,0,0,0.002902336,0,0,0,0,0.014221448,0,0,0,0,0,0,0,0,0,0,0,0,0,0,0,0,0.006094906,0,0.00319257,0.001596285,0,0,0,0,0,0.00319257,0,0.002176752,0.001959077,0,0,0,0,0.004643738,0.001523727,0,0.001741402,0.001741402,0,0,0,0,0.004716297,0,0.003990713,0,0,0,0.003773037,0.01414889,0.007255841,0.005224205,0,0.001741402,0.147583805,0,0.005441881,0.143012625,0,0.00457118,0.001160935,0.010375853,0.006240023,0.002176752,0.092511972,0.034320128,0.027789871,0,0.003410245,0,0.018429836,0.055289508,0,0.141634015,0.001088376,0.006094906,0.003990713,0.088303584,0.011609346,0.039471775,0.058191844
Control_AC,0,0,0,0,0,0,0,0,0,0,0,0,0,0,0,0,0,0,0,0,0,0,0,0,0.002202886,0,0.001982597,0,0,0,0,0,0,0,0,0,0,0,0,0,0,0,0.003028968,0,0,0,0,0,0.001817381,0,0,0,0,0.126831149,0,0,0.001652164,0,0,0.004570988,0,0,0,0.001156515,0,0,0,0,0.002753607,0,0,0.001707236,0,0.001376804,0,0,0.001321731,0.00848111,0,0,0,0,0,0.001211587,0,0,0.002808679,0.002753607,0,0.001982597,0.002808679,0.035411389,0.028141866,0,0,0,0,0,0,0.005176782,0,0.001376804,0.001431876,0,0,0.003194184,0.002973896,0.002643463,0.004130411,0.002808679,0,0.003634762,0,0,0.032382421,0.023240445,0.014594118,0,0.009857914,0.001486948,0.002863752,0.022194074,0.00539707,0.007599956,0.002643463,0,0.014153541,0.009912986,0,0.110584866,0.011730367,0.036292543,0.005617359,0.00462606,0.002533319,0.006553585,0,0.006057936,0.009362265,0.016741932,0.005837647,0.011344862,0.111521093,0.004405772,0.0077101,0.112292103,0.025883908,0.034089657,0.055072145,0.014043397
Control_AC,0,0,0,0,0,0,0,0,0,0,0,0,0,0,0,0,0,0,0,0,0,0.002485417,0,0,0,0,0,0.001065179,0,0,0,0,0,0,0,0,0,0,0,0.001927466,0,0,0,0,0,0,0,0,0,0,0,0,0,0,0,0,0,0,0,0,0,0,0.002231803,0,0,0,0,0,0,0,0,0.002434694,0,0,0,0,0,0,0.00162313,0,0,0,0,0,0,0,0,0,0,0,0,0,0.011666244,0,0.002739031,0,0,0,0.015977682,0.007456252,0,0,0.002079635,0.003094091,0.109155465,0,0,0.004615775,0.001166624,0.004767943,0.002485417,0,0.007760588,0.001369516,0.003195536,0.023839716,0,0.003347705,0,0.004666498,0,0.00253614,0,0.011108293,0.002586863,0,0.014151661,0,0.001775298,0.001775298,0,0.005325894,0.0028912,0,0.004920112,0.004767943,0.002688308,0.008064925,0.001521684,0.016890692,0.008369262,0.076794319,0.010347451,0.004007101,0.005224448,0.003854933,0.024245498,0.002941922,0.023231042,0.538828303
Control_AC,0,0,0,0,0,0,0,0,0,0,0,0,0,0,0,0,0,0,0,0,0,0,0,0,0,0,0.001084977,0,0,0,0,0,0,0,0,0,0,0,0,0,0,0,0,0,0,0,0,0.038400434,0,0,0,0,0,0,0.001666215,0,0,0,0,0,0,0,0,0,0.001666215,0,0,0,0.001162475,0.002169954,0,0,0,0,0,0,0.20002325,0,0,0,0,0,0,0.001511218,0.00143372,0,0,0.005541132,0,0,0,0,0,0,0.001472469,0,0.002441198,0,0,0,0,0,0,0.013562212,0,0,0,0.001162475,0,0,0,0,0,0.001356221,0.00143372,0.005386136,0,0.00705235,0,0,0,0,0,0,0.002557446,0.014337195,0,0,0.001472469,0,0.001239974,0.01976208,0.002014957,0.008408571,0.00375867,0.01317472,0.002906188,0.005114891,0.001201224,0.002944937,0.004456155,0.003564924,0.339985275,0.00185996,0.00143372,0.014724687,0.161545317,0.001511218,0.00519239,0.098306661
Control_AC,0,0,0,0,0.001459321,0,0,0,0,0,0,0,0,0,0,0.037030281,0.001094491,0.001641737,0.002736228,0,0,0.006931777,0,0,0,0,0,0,0,0,0,0,0,0,0,0,0.002006567,0,0,0,0,0,0.001459321,0,0,0,0.005837286,0,0,0,0,0,0.005837286,0,0,0,0.004377964,0,0,0,0.007843853,0.002371397,0,0.004195549,0,0.010397665,0.001276906,0,0.003465888,0.002006567,0,0.002553812,0,0,0,0,0,0,0,0.001459321,0.010397665,0,0,0.003283473,0.002188982,0,0.005472455,0.001459321,0,0.05107625,0.006384531,0,0.002188982,0,0.011492156,0,0,0,0.001459321,0,0,0.002371397,0,0.029004013,0.00492521,0,0.002553812,0.01514046,0,0.002188982,0,0.002006567,0.001094491,0.006384531,0.064027727,0.001276906,0.001459321,0,0.002006567,0.002553812,0,0.001459321,0.002188982,0.053265232,0.012221817,0.004377964,0.103794236,0.024626049,0.016782196,0,0,0,0.028639183,0.002371397,0.010032835,0.002918643,0.004742795,0,0.036847866,0.008026268,0.016417366,0.014410799,0.165997811,0.007296607,0.007661437,0.053082816,0.03630062,0.004742795,0.017694272,0.02572054
Control_AC,0,0,0,0,0,0,0,0,0,0,0,0,0,0,0,0,0,0,0,0,0,0,0,0,0,0,0,0,0,0,0,0,0,0,0,0,0,0,0,0,0,0,0,0,0,0,0,0,0,0,0,0,0,0,0,0,0,0,0,0,0,0,0,0,0,0,0,0,0,0,0,0,0,0,0,0,0,0,0,0,0,0,0,0,0,0,0,0,0,0,0,0,0,0,0,0,0,0,0,0,0,0.001209482,0.00135462,0.001499758,0.001596517,0,0.002225448,0,0,0,0.001983551,0,0,0.001306241,0,0,0,0.001015965,0,0,0,0.001064344,0,0,0,0,0,0,0,0,0,0.002322206,0,0.001209482,0,0,0.003580068,0.001015965,0,0.002273827,0,0.013304306,0,0.026995646,0.015674891,0.003289792,0.00208031,0.005950653,0.003047896,0.905999032
Control_AC,0,0,0,0,0,0,0.00414336,0,0,0,0,0,0,0,0,0,0,0.011912161,0.001657344,0,0,0.00155376,0,0,0,0,0,0,0,0,0,0.0025896,0.00673296,0,0,0,0,0.00155376,0,0,0,0,0.00155376,0,0,0,0,0,0.007872385,0,0,0.002486016,0,0,0,0,0,0,0,0,0.004039776,0,0,0,0,0.075512741,0,0,0,0.001450176,0,0,0,0,0,0,0,0,0,0,0.002693184,0,0,0.003314688,0.00466128,0,0,0,0.003729024,0.009529729,0,0,0.001864512,0.001346592,0.004972032,0,0.077791589,0.001450176,0,0.009322561,0.002900352,0,0,0.006940128,0,0.002796768,0,0.009944065,0,0.010358401,0,0.002278848,0,0,0.009426145,0.003418272,0.004868448,0,0,0.002486016,0.001657344,0,0.013258753,0.020095297,0.012326497,0.02765693,0.020198881,0.051584835,0,0.001760928,0.007354464,0.002796768,0.010461985,0.022684897,0.009115393,0.00673296,0,0.002796768,0.001968096,0.00569712,0.030453698,0.001450176,0.009736897,0,0.0025896,0.340791382,0.022063393,0.008804641,0.066811684,0
Control_AC,0,0,0,0,0.002086458,0,0,0,0,0,0,0,0,0,0,0,0,0,0,0,0,0,0.001238834,0.002151659,0,0,0,0,0,0,0,0,0,0,0,0,0,0,0,0,0,0,0,0,0,0,0,0,0,0,0,0,0,0,0,0,0,0,0,0,0,0,0,0.002738476,0,0,0,0,0.001564843,0,0,0.001369238,0,0.001630045,0,0,0,0,0,0,0,0,0,0.001890852,0,0,0.002347265,0,0.002021256,0,0,0,0,0.016496055,0,0,0.005411749,0.004759731,0,0,0,0,0,0.004107713,0.030253635,0.004238117,0,0.020408163,0.001108431,0.001956054,0.011931929,0.005542153,0.004303319,0,0.038534264,0,0,0,0.003064485,0.004498924,0.015322423,0,0.001043229,0.016365652,0.002151659,0.011279911,0.043946013,0.001956054,0.007367803,0.005476951,0.02066897,0.002999283,0,0.00254287,0.004368521,0.015452826,0.027123949,0.010627893,0.001890852,0.019038925,0.008802243,0.03586099,0.012844755,0.031492469,0.059855252,0.005216144,0.052031036,0.169263872,0.018060898,0.221294908
Control_AC,0,0,0,0,0,0,0,0,0,0,0,0,0,0,0,0,0,0,0,0,0,0,0.005339237,0,0,0,0,0,0,0,0,0.015431697,0,0,0,0,0,0,0,0,0,0,0,0,0,0,0,0,0,0,0,0,0.030668056,0.107500977,0,0,0,0,0.002669618,0,0,0,0,0,0,0,0,0.001758041,0,0,0,0,0,0,0,0,0,0,0,0.014259669,0,0,0,0.001497591,0,0,0,0,0,0,0,0,0,0,0.001823154,0,0,0.003385858,0.002995182,0,0.003255632,0,0.008073968,0.009636671,0,0,0,0,0,0,0,0.003776533,0,0,0.002148717,0,0,0,0.028844902,0,0.001758041,0,0.003385858,0,0.006055476,0.00123714,0,0.10880323,0,0.027803099,0,0.002930069,0.085232452,0.029756479,0.001627816,0.031123844,0,0.031319182,0.059447845,0.034314364,0.026240396,0.002409168,0.043299909,0.001041802,0.036658419,0.006315927,0.123453575,0.042192994,0.01894778,0.031579633
Control_AC,0.003504859,0,0,0,0.006425575,0,0,0,0,0,0,0,0,0,0,0,0,0,0,0,0,0,0,0,0,0,0,0,0,0,0,0,0,0,0,0,0,0,0,0,0,0,0,0,0.00122139,0,0,0,0,0,0,0,0,0,0,0,0,0,0,0,0,0,0,0,0,0,0,0.001699326,0,0.002017949,0.001964845,0,0,0.001380702,0,0,0,0,0,0,0,0,0.015984281,0,0,0,0,0,0,0,0.018798789,0,0,0,0.003398651,0,0,0,0,0,0.004354522,0.00961181,0,0.048908714,0,0,0.029154054,0,0,0,0.004779353,0,0,0,0.003876586,0.001433806,0,0,0,0,0.001433806,0.001593118,0,0,0.001062078,0,0,0,0.006691094,0.001964845,0,0,0,0,0,0,0.004035898,0.011629759,0,0,0.001168286,0,0,0.009505602,0.01800223,0.001858637,0,0.008921459,0.00148691,0.77213106
Control_AC,0,0,0,0,0,0,0,0,0,0.001389037,0,0,0,0,0,0.002671226,0.00331232,0.006304092,0.001816433,0,0,0,0,0,0,0,0,0,0,0,0,0,0,0,0,0,0,0,0,0,0,0,0.005769847,0,0,0,0,0,0,0,0,0,0.00331232,0,0,0,0,0,0.001816433,0,0.002564377,0,0,0,0,0.008441073,0,0,0,0,0,0,0,0,0.001923282,0,0,0,0,0,0.020087616,0,0,0.009295865,0,0,0.002030131,0,0.001282188,0.205684368,0,0.001495886,0.003419169,0,0.098621648,0,0,0,0.003632867,0.002884924,0.00213698,0,0.030238273,0.013890373,0,0,0.001602735,0.034405385,0.001495886,0.010791751,0,0,0.005662998,0.00438081,0.081525804,0.001709584,0.001495886,0,0.005235602,0.003526018,0,0.002991773,0,0.052356021,0.031199915,0.012501336,0.054386152,0.040495779,0.0054493,0.007372583,0.002030131,0.004060263,0.01314243,0.00651779,0.001923282,0,0.001282188,0.054706699,0.015493108,0.001602735,0.006731488,0.001495886,0.012608185,0.003632867,0.009295865,0.015493108,0.010043808,0.005876696,0.005662998,0.035794422
Control_AC,0.008502529,0,0,0,0,0,0,0,0,0,0,0,0,0,0,0,0,0,0,0,0,0,0,0,0,0,0,0,0,0,0,0,0,0,0,0,0,0,0,0,0,0,0,0,0,0,0,0,0,0,0,0,0,0,0,0,0,0,0.002565418,0,0,0,0.012680495,0,0,0,0,0,0,0,0,0,0,0,0,0,0,0,0,0,0,0,0.007549659,0.001099465,0,0,0,0,0,0.001099465,0,0.00439786,0,0,0,0,0,0.001319358,0,0,0.006816683,0,0.007549659,0,0,0,0,0.00124606,0,0,0.005497325,0.003518288,0,0,0.001539251,0,0,0,0.005937111,0.001612549,0.002931906,0,0.001979037,0.001465953,0.004984241,0,0.00219893,0.002418823,0,0,0.003298395,0.002492121,0.003518288,0,0.00344499,0.006523492,0.037968189,0.001172763,0.004764348,0.010115077,0.00659679,0.031078209,0.001832442,0.005277432,0.02257568,0.027486623,0.024334824,0.091988566,0.022722275,0.603899436
Control_AC,0,0,0,0,0,0,0,0,0,0,0,0,0,0,0,0.001337109,0,0,0,0,0,0,0,0,0,0,0,0.001337109,0,0,0,0,0,0,0,0,0,0,0,0.001573069,0,0,0,0,0,0,0,0,0,0,0,0,0,0.003303445,0,0,0,0.001573069,0.001179802,0,0,0,0.012741859,0.001179802,0,0.001179802,0,0,0,0.00204499,0.003067485,0,0,0.001258455,0,0,0,0.01502281,0,0,0,0,0,0,0,0,0,0.001573069,0,0.001337109,0,0.009045147,0.056630486,0,0,0,0,0.001337109,0.010224949,0.002438257,0,0,0.003696712,0,0.023045462,0.003539405,0,0.007550731,0.005348435,0.001573069,0,0.005191128,0,0.001179802,0.002438257,0.008966494,0.108305805,0,0.010146295,0.001651723,0.001101148,0.003932673,0.009753028,0.011326097,0.007629385,0.007786692,0.01958471,0.002202297,0,0.027843322,0.010854176,0.029180431,0.009359761,0.007078811,0.003224792,0.01525877,0.021079125,0.010067642,0.007472078,0.038068271,0.009595721,0.020449898,0.079990562,0.009831682,0.006528237,0.094620104,0.057574328,0.016281265,0.105710241,0.044596508
Control_AC,0,0,0,0,0,0,0,0,0,0,0,0,0,0,0.001106929,0,0,0,0,0,0,0,0,0,0,0,0.003984946,0,0,0,0,0,0,0,0,0,0,0.002656631,0,0,0,0,0,0,0,0,0,0,0,0,0,0,0,0,0,0,0,0.006346395,0.001402111,0,0,0,0,0,0.003099402,0,0,0,0.001328315,0.001549701,0.003394583,0.001033134,0,0,0,0,0.002730426,0,0.004501513,0.001328315,0,0,0,0,0,0,0.003468379,0.001106929,0,0,0,0.008634049,0,0.033576858,0,0,0.008707844,0.002435245,0.009076821,0,0.014168696,0,0.001328315,0,0,0.002066268,0,0.002287654,0.006641576,0.006936757,0,0.00376356,0,0,0,0.007822301,0,0.002066268,0.009740979,0.004353922,0.004058741,0,0.004722899,0.023393108,0.001549701,0.002804221,0.016899122,0.005756033,0.002730426,0,0.013873515,0.017932256,0.003542174,0.006936757,0.004427718,0.008117482,0.046417239,0.023245517,0.004722899,0.017341894,0.014980444,0.098147738,0.050180798,0.014021105,0.014242491,0.083093499,0.046269648,0.05438713,0.047597963,0.20596266
Control_AC,0,0,0,0,0,0,0.001713586,0,0,0,0,0,0,0,0,0,0,0,0,0,0,0.002815177,0,0,0,0,0,0,0,0,0,0.014075887,0,0,0,0,0,0.00244798,0,0,0,0.003304774,0,0,0,0,0,0,0,0,0,0,0,0,0,0,0,0.005875153,0,0,0.001713586,0,0,0.018237454,0.048347613,0,0,0,0.00624235,0.001346389,0,0,0,0,0,0,0,0,0,0,0,0,0,0,0,0,0.002203182,0,0,0,0,0,0,0,0.006731946,0,0.002080783,0.00244798,0.002080783,0,0.004406365,0,0.007955936,0.01370869,0,0.001346389,0,0.005507956,0.001468788,0.002325581,0,0.01003672,0,0,0.01370869,0,0,0,0.003427173,0.00244798,0.003671971,0,0.002570379,0.010648715,0.009791922,0,0.010159119,0,0.002570379,0.01126071,0.003427173,0,0.005507956,0.001101591,0.025091799,0.056425949,0.003671971,0.021664627,0.005875153,0.008445532,0.027294982,0.005263158,0.004406365,0.003182375,0.056058752,0.168176255,0.17380661,0.066340269,0.075520196,0.0500612
Control_AC,0,0,0,0,0,0,0,0,0,0,0,0,0,0,0,0,0,0,0,0,0,0,0.002481636,0,0,0,0,0,0,0,0,0.002680167,0,0,0.001588247,0,0,0,0,0,0,0,0,0,0,0,0,0,0,0,0,0,0,0,0,0,0,0,0,0,0,0,0,0,0,0,0,0,0,0,0,0,0,0,0,0,0,0,0,0.00218384,0,0.014393488,0,0,0,0,0,0,0,0,0,0,0,0,0,0,0,0.00109192,0,0,0,0,0,0,0,0.00109192,0,0,0,0,0,0.002779432,0.354377606,0,0,0,0.006154457,0,0.00238237,0,0.002977963,0,0.005856661,0,0,0,0,0.030375223,0.003176494,0.014691284,0.016577328,0.00238237,0.011018463,0.018463371,0.12179869,0.010919198,0.001488982,0.004268414,0.005459599,0.025312686,0.070379194,0.00238237,0.02610681,0.021639865,0.002481636,0.104327973,0.035437761,0.005955926,0.052015088,0.013301568
Control_AC,0.001546147,0.001268633,0.00174437,0,0,0,0,0,0,0,0,0,0,0,0,0,0,0,0,0,0.004598795,0,0,0,0.001466857,0,0.005114177,0,0,0.032627656,0,0,0,0,0,0,0,0,0,0,0,0.001506502,0,0,0.006898192,0.001110054,0,0,0,0,0,0,0,0.003885189,0,0,0,0.003528386,0,0.016690454,0,0,0,0,0,0,0.094077069,0,0,0,0,0,0,0.005669204,0,0,0,0.034253092,0,0,0,0,0,0,0,0.022756105,0,0.001110054,0,0.004281637,0.156160799,0.002933714,0.017285125,0,0,0.005629559,0,0,0,0.001189343,0,0.158261973,0,0,0.007532509,0,0.112036156,0.002180463,0.016452585,0.006977482,0,0.001189343,0.003052648,0,0,0,0.014747859,0.001427212,0,0.001070409,0,0.003052648,0.001387567,0.014549635,0.001466857,0,0.014391056,0,0,0,0.001149699,0.00812718,0.001546147,0.005193467,0,0,0,0.00174437,0.002695845,0.002457977,0,0.016056137,0.091222645,0.002497621,0.00174437,0.017522994,0.010188709,0.004757374,0.010545512,0.035442436
Control_AC,0,0,0,0,0,0,0,0,0,0.001360313,0,0,0,0,0,0,0,0,0,0,0,0,0,0,0,0.005951369,0,0,0,0,0,0,0,0,0.00374086,0,0,0,0,0,0,0,0,0,0,0,0,0,0,0.008842034,0,0,0,0,0,0,0,0,0,0,0,0,0,0,0,0,0,0,0,0,0,0,0,0,0,0,0,0,0.001530352,0,0,0.018194185,0,0,0,0,0,0,0,0,0.001700391,0.001530352,0,0,0.004591056,0,0,0,0,0,0,0.00187043,0.00374086,0,0,0,0,0,0,0,0,0,0.873830981,0,0.00374086,0,0.01717395,0,0,0,0,0,0,0,0,0,0,0,0,0,0.001700391,0.002890665,0,0,0,0,0,0,0,0,0,0.004250978,0.006971603,0.002550587,0.001530352,0,0.004421017,0.003400782,0.004250978,0.020234654
Control_AC,0,0,0,0,0,0,0,0,0,0,0,0.010816634,0,0,0,0,0,0,0,0,0,0,0,0,0,0,0,0,0,0.01542771,0,0,0,0,0,0,0,0,0,0,0,0,0,0,0.001508296,0,0,0,0,0,0,0,0.001163542,0,0,0,0,0,0,0,0,0,0,0,0,0,0.002844215,0.003576815,0,0,0,0,0,0.003576815,0,0.001163542,0,0.079034691,0,0,0,0,0.030295195,0,0,0.014177979,0,0,0,0,0.011893988,0,0,0,0,0,0,0,0,0,0,0.086920922,0,0,0,0,0.154664943,0,0,0,0.004223228,0,0,0,0,0,0.084249084,0,0,0,0,0,0,0,0,0,0,0,0,0.001982331,0,0.003188968,0,0,0,0,0.10989011,0,0,0,0,0,0,0.128334411,0.012238742,0.001077354,0.001379013,0.001163542,0.001120448,0.234087481
Mild_AH,0,0,0,0,0,0,0,0,0,0.008918909,0.001530022,0,0,0,0,0,0,0,0,0,0,0,0,0,0,0,0,0,0,0,0.001903198,0,0,0,0.001530022,0,0.001231481,0,0,0,0,0,0.001194164,0,0,0,0,0,0,0,0,0,0.001418069,0,0,0,0.001044893,0,0,0.003582491,0,0,0,0,0,0,0,0.003358585,0,0,0,0.001679292,0,0,0.018360264,0,0,0,0,0,0.00156734,0.005746912,0,0,0,0.036757846,0,0,0.005373736,0.010971377,0,0,0,0,0.022390566,0,0,0,0.001231481,0,0,0,0.018360264,0.004478113,0,0,0.002798821,0,0,0.002985409,0.002201739,0,0.130499683,0.005821547,0.020076874,0.003694443,0,0.00250028,0.00156734,0,0.001641975,0.011904318,0,0,0,0.033585849,0,0.004552748,0,0.005373736,0,0,0.00156734,0,0,0,0.019181252,0.00514983,0.004739336,0.001940516,0.009553308,0,0.022689107,0.028398701,0.034780013,0.002798821,0,0.022577154,0.011605777,0.453185058
Mild_AH,0,0,0,0.010327133,0,0,0,0,0,0,0,0,0,0,0,0,0,0,0,0.033739577,0,0,0,0,0,0,0,0,0,0,0,0,0,0,0,0,0,0,0,0,0,0,0,0.003014753,0,0.043489416,0.004554201,0,0,0,0,0,0,0,0,0,0.001347017,0,0,0,0,0,0,0,0,0,0,0,0,0,0,0,0,0,0,0,0,0,0,0,0,0,0,0,0,0.007376523,0,0,0,0,0,0,0,0,0,0,0,0,0,0,0.001026299,0,0,0,0,0,0,0,0,0,0.001860167,0,0.015137909,0,0,0,0.013790892,0.004746632,0,0,0,0,0,0,0,0,0,0,0,0,0,0,0,0.16324567,0,0,0.007761386,0,0,0,0,0.001988454,0.001154586,0.25035279,0,0,0,0,0,0.435086594
Mild_AH,0,0,0,0,0,0,0,0,0,0,0,0,0,0,0,0,0,0,0,0,0,0,0,0,0,0,0,0,0,0,0,0,0,0,0,0,0,0,0,0,0,0,0,0,0,0,0,0,0,0,0,0,0,0,0,0,0,0,0,0,0,0,0,0,0,0,0.008928571,0,0,0,0,0,0,0,0.004568106,0,0,0,0,0,0,0,0,0,0,0.079526578,0,0,0,0,0.005398671,0,0,0,0,0,0,0,0,0,0,0.16320598,0,0,0.019310631,0,0.36461794,0,0,0,0,0,0,0,0,0,0,0,0.019310631,0,0,0,0,0,0,0.013704319,0,0,0.013496678,0.172757475,0,0,0,0,0,0,0,0,0,0,0,0,0.033637874,0,0.083056478,0,0,0.005813953,0.012666113,0
Mild_AH,0,0,0,0,0,0,0,0,0,0,0.002315937,0,0,0,0,0,0,0,0.001131039,0,0,0,0,0,0,0,0.001938924,0,0,0,0.001454193,0,0,0.00107718,0,0,0,0,0,0,0,0,0,0,0.004362579,0,0,0.003285399,0,0,0,0,0,0,0.018635213,0,0,0,0,0,0,0,0,0.009425325,0.001508052,0,0,0,0,0,0,0,0,0,0.01502666,0,0.005008887,0,0,0.001346475,0,0,0,0,0,0,0,0,0.014272634,0,0.056013357,0.011902838,0.006840093,0,0.00484731,0,0,0.001184898,0.001238757,0.004039425,0,0.019443098,0,0.001669629,0,0.001184898,0,0.001723488,0,0.001454193,0,0.001184898,0,0,0,0.001885065,0,0,0.031292077,0.007971132,0,0,0.006732375,0.11062638,0,0.035277643,0.118328217,0.005439759,0,0,0.013141595,0.004147143,0.012656864,0.056875101,0.021220445,0.008402004,0,0.025152152,0.008509722,0.004955028,0.040448107,0.00964076,0.001831206,0,0.005170464,0.166424301,0.065869554,0.008455863,0.033769591,0.002262078
Mild_AH,0,0,0,0,0,0,0,0,0,0,0,0,0,0,0,0,0,0,0,0,0,0,0,0,0,0,0,0,0,0,0,0,0,0,0,0,0,0,0,0,0,0,0,0,0,0,0,0,0,0,0,0,0,0,0,0,0,0,0,0,0,0,0,0,0,0,0,0,0,0,0,0,0,0,0,0,0,0,0,0,0,0,0,0,0,0,0,0,0,0,0,0,0,0,0,0,0,0,0.001534331,0,0,0,0,0,0,0,0,0,0,0,0,0,0.001086818,0,0,0,0,0.061373226,0,0,0,0,0,0,0,0,0,0.001342539,0.001022887,0,0,0,0,0,0,0,0,0.003580105,0,0,0.00140647,0.014895793,0.001790052,0,0.250799131,0,0,0.010548523,0.001022887,0.649597238
Mild_AH,0,0,0,0,0,0,0,0,0,0,0,0,0,0,0.001279901,0,0,0,0,0,0,0,0,0,0,0,0,0.002471533,0,0,0,0,0,0,0,0,0,0,0,0.003442493,0.001279901,0,0,0,0,0,0,0,0,0,0,0,0,0,0,0,0,0,0,0.010062671,0,0,0,0,0,0,0,0,0,0,0,0,0,0.011695648,0,0,0,0.03875011,0,0,0,0,0,0,0,0,0,0,0,0,0.001500574,0,0,0,0,0.001015094,0,0.001059229,0,0,0,0.050269221,0,0.003089417,0,0,0.164489364,0,0,0,0.007679407,0,0,0.001677112,0,0,0.002427399,0.036984729,0,0.001279901,0,0,0,0.004281049,0,0,0.003177686,0,0.001015094,0.005825757,0.001897784,0.003795569,0.001544708,0.001809515,0.002206726,0.001015094,0,0.007767676,0.003398358,0.002162592,0.00419278,0.025112543,0.011474976,0.017874481,0.031467914,0.012401801,0.003619031,0.012622473,0.008826904,0.492055786
Mild_AH,0,0,0,0,0,0,0,0,0,0,0.001217074,0,0,0,0,0,0,0,0,0,0,0,0,0,0,0,0,0,0,0.003477354,0.002955751,0,0,0,0,0.002521081,0,0,0,0,0,0,0,0,0,0,0,0,0,0,0,0,0,0.040685039,0,0,0,0,0,0,0,0,0.001043206,0,0,0,0,0,0,0,0.00452056,0,0,0,0.041119708,0,0.001043206,0,0,0,0.008258715,0.009128054,0.001390941,0,0,0,0,0.004346692,0.006259237,0,0,0,0,0,0,0.011823003,0,0,0.003738155,0,0,0,0,0.00113014,0,0.008954186,0,0.007041641,0.001738677,0.001999478,0,0.002434148,0.155437712,0,0,0,0,0,0,0,0.001912545,0,0.006867774,0,0.004955229,0.029905242,0,0,0.002521081,0.005129097,0.060679823,0.015735026,0.004607494,0.001825611,0.006606972,0.009823524,0.004607494,0,0.01356168,0.018516909,0.012518473,0.013300878,0.121620447,0.002694949,0.007476311,0.075719378,0.076936451,0.007041641,0.037816222,0.135355994
Mild_AH,0,0,0,0,0,0,0,0,0.001369973,0,0,0,0,0.006124587,0,0,0,0,0,0,0,0,0,0,0,0,0,0,0,0,0,0,0,0,0.00193408,0,0,0,0,0,0,0,0,0,0,0,0.022000161,0,0,0,0,0,0,0,0,0.003304054,0.010798614,0,0,0,0,0,0,0,0,0,0,0,0,0,0,0,0,0,0,0,0,0,0,0.007816907,0,0.012652107,0,0,0,0,0.002498187,0.002256427,0,0,0,0,0,0,0,0,0,0,0,0,0,0,0,0,0,0,0,0.00145056,0,0,0,0,0.578048191,0,0,0,0,0,0,0,0,0,0,0,0,0,0,0,0,0,0,0,0.0024176,0,0,0.00169232,0,0,0.001289387,0,0,0,0.31033927,0.00217584,0.005963414,0,0.0048352,0.001531147,0.0012088,0.018293174
Mild_AH,0,0,0,0,0,0,0,0,0,0,0,0,0,0,0.001436329,0,0,0,0,0,0,0,0,0,0,0,0,0,0.002942722,0.048309686,0,0,0,0,0,0,0,0,0,0,0,0,0,0,0,0,0,0,0,0,0,0,0,0,0,0,0,0,0,0,0,0,0.021685059,0,0,0,0,0,0,0,0,0,0,0,0,0,0,0,0,0,0,0.005254861,0,0,0,0.001436329,0,0,0,0,0,0,0,0,0,0.128078473,0,0,0,0,0,0,0,0,0,0,0,0,0,0,0.001961815,0,0.166754248,0,0,0,0.006200736,0.011665791,0,0.004729375,0,0,0.001156069,0,0,0,0,0,0,0.003293046,0,0,0,0,0,0.00175162,0.003293046,0,0,0,0.001576458,0.00830268,0.009003328,0.130740935,0.004624277,0.005465055,0.02315642,0.001576458,0.002592398,0.403012787
Mild_AH,0,0,0,0,0,0,0,0,0,0,0,0,0,0,0,0,0,0,0,0,0,0,0,0,0,0,0,0,0.003475061,0,0,0,0,0,0,0,0,0,0,0,0.001781334,0,0,0,0,0,0,0,0,0,0,0,0,0,0,0,0,0,0,0,0,0,0,0,0,0,0,0,0,0,0,0,0,0,0,0,0,0,0,0,0,0,0,0,0,0.443172527,0,0,0,0,0,0,0,0,0,0.211161079,0,0,0,0,0,0,0,0,0,0,0,0,0,0,0,0,0,0,0,0,0.012907371,0.086029669,0,0,0,0,0,0,0,0.003095433,0,0,0.002306973,0,0,0,0.004146712,0,0,0.0026574,0,0,0.037787642,0,0,0.027012031,0,0,0.073735545,0,0.036619554,0.0053148,0,0.04879687
Severe_AH,0,0,0,0,0,0.001165067,0,0,0,0,0,0,0,0,0,0,0,0,0,0,0,0,0,0,0,0,0,0,0,0,0.00279616,0,0,0,0,0,0,0,0,0,0,0,0,0,0,0,0,0.014260416,0,0,0,0,0.002423339,0,0,0,0,0,0,0,0,0,0,0,0,0,0,0,0,0,0.003308789,0,0,0,0.034113151,0.013607978,0.008481685,0,0,0,0,0,0,0,0,0,0,0,0.00139808,0,0.004753472,0,0,0,0,0,0,0,0,0,0,0.08584211,0,0.003308789,0,0.001304875,0.115621214,0.001351477,0.002469941,0,0.002050517,0,0,0,0,0,0,0.004240843,0,0,0.002609749,0,0,0,0,0.010532202,0,0.043387082,0.005452512,0.002469941,0.00927393,0,0,0.005965141,0.003122379,0.004054432,0.014773045,0.020318762,0,0.001957312,0.010205984,0.013188554,0.023627551,0.048699786,0.016870165,0.004706869,0.026470314,0.009926368,0.006151552,0.413738466
Severe_AH,0.002553519,0,0,0.001582345,0,0,0,0,0,0,0,0,0,0,0,0,0,0,0,0.004855873,0,0,0,0,0,0,0,0,0,0,0.002084676,0,0,0,0,0,0,0,0,0,0,0,0,0,0,0.006932177,0.005776814,0,0,0,0,0,0,0,0,0,0,0,0,0,0,0.002160026,0,0,0,0,0.019080231,0.006689383,0,0,0,0,0,0,0.039039542,0.015438326,0,0,0,0,0,0,0.002871663,0,0,0,0,0,0,0,0.002243748,0,0,0,0,0.006739616,0,0,0,0,0,0.049663856,0,0.004160981,0.001866999,0,0.304128329,0,0,0,0.002453053,0,0.002051188,0,0,0,0.001071641,0.01053222,0,0,0,0,0,0,0,0.017648586,0,0,0.042405164,0.033940876,0,0,0.00252003,0,0,0,0,0,0.002386075,0.001188852,0.002880035,0,0.009552674,0.041182824,0.024672857,0.0248403,0.005391693,0.014056914,0.003985164,0.279371751
Severe_AH,0,0,0,0,0,0,0,0,0,0,0,0,0,0.003573343,0,0,0,0,0,0,0,0,0,0,0,0.014472039,0,0,0,0,0,0,0,0,0,0,0.001965339,0,0.062712167,0,0,0,0,0.003037341,0,0,0,0.109344292,0,0.002858674,0,0,0,0,0,0,0.011434697,0,0,0,0,0.001608004,0,0,0,0,0.003216009,0.003930677,0,0,0,0,0,0,0,0.007861354,0.027693407,0,0,0,0,0,0,0,0,0.242987315,0,0,0,0,0,0,0,0.00375201,0,0.003037341,0,0,0,0,0.00500268,0.02126139,0.00750402,0,0.024298731,0,0.07629087,0,0,0,0,0,0.002858674,0,0,0,0.034125424,0.07629087,0,0,0,0,0,0,0.004645346,0,0,0,0,0.011613364,0,0,0,0.001429337,0,0,0,0.001608004,0,0.007146686,0,0.004824013,0.044488119,0.020189387,0,0.04002144,0,0.006968019,0.00875469,0.097194926
Severe_AH,0,0,0,0,0,0,0,0,0,0,0,0,0,0,0,0,0,0,0,0,0,0,0,0,0,0,0,0,0.002557823,0,0,0,0,0,0,0,0,0,0,0,0.00152381,0,0,0,0,0,0,0,0,0,0,0,0,0,0,0,0,0,0,0,0,0,0,0,0,0,0,0,0,0,0,0,0,0,0,0,0,0,0,0.003591837,0,0.00152381,0,0,0,0,0,0,0,0,0,0,0,0,0,0.258884354,0.003156463,0,0,0,0,0,0,0,0,0,0,0,0,0,0,0,0.009578231,0,0,0,0,0.061768707,0,0,0,0,0,0,0,0,0,0,0.107918367,0.020952381,0,0,0,0.095346939,0,0,0,0,0,0,0,0,0.033088435,0,0.046204082,0.00244898,0.001142857,0.001034014,0,0.349278912
Severe_AH,0,0,0,0,0,0,0,0,0,0,0,0.006660007,0,0.077589078,0,0,0,0,0,0,0,0,0,0,0,0.001831502,0,0,0,0,0,0,0,0,0.002664003,0,0,0,0,0,0,0,0,0,0,0,0,0,0,0.002830503,0,0,0,0,0,0,0,0,0.011655012,0,0,0,0,0,0,0,0,0,0,0,0,0,0,0,0,0,0,0.001998002,0,0,0,0.021645022,0,0,0,0.646686647,0,0,0,0,0,0,0,0,0,0,0,0,0,0,0,0,0,0,0,0,0,0,0,0,0,0,0.074592075,0.001165501,0,0,0.003663004,0.001665002,0,0,0,0,0,0,0,0,0,0,0,0,0,0.001498501,0,0.001665002,0,0,0.001831502,0,0,0,0,0.005827506,0.081751582,0,0,0,0,0,0.001332001,0.051448551
Severe_AH,0,0,0,0.003117114,0,0,0,0,0.093661867,0,0,0,0,0,0,0,0,0,0,0.023749443,0,0,0,0,0,0,0,0,0,0,0,0,0,0,0,0,0,0,0.001113255,0,0,0,0,0,0,0.024714265,0,0,0,0,0,0,0,0,0,0,0.047127802,0,0,0,0,0.072584236,0,0,0,0,0,0,0,0,0,0,0,0,0,0,0,0,0,0.002597595,0,0,0,0,0,0.672702984,0,0,0,0,0,0,0.018183168,0,0,0,0,0,0,0,0.001113255,0.001261689,0,0,0,0,0.003636634,0,0.006382663,0,0,0,0.001113255,0,0,0,0,0.010538815,0,0,0,0,0,0,0,0,0,0,0,0,0,0,0,0,0,0,0,0,0,0,0,0,0.012468458,0,0,0,0,0,0,0.003933502
Severe_AH,0,0,0,0,0,0,0,0,0,0,0,0,0,0,0,0,0,0,0,0,0,0,0,0,0,0,0,0,0,0,0,0,0,0,0,0,0.005667506,0,0,0,0,0,0,0,0,0,0,0.001259446,0,0,0,0,0,0,0,0,0,0,0,0,0,0,0,0,0,0,0,0,0.001469353,0,0.02665827,0,0.001574307,0.010495382,0,0,0.013958858,0.001679261,0,0.016372796,0,0,0,0,0,0,0,0,0,0,0,0,0,0,0,0,0,0,0,0,0,0,0,0,0,0,0,0,0,0,0.025608732,0,0,0,0,0,0.018891688,0.006717045,0,0,0,0,0,0,0,0,0,0,0,0,0,0,0,0,0,0,0.012699412,0,0,0,0,0.002728799,0.003253568,0.149139379,0,0.001574307,0.00220403,0,0,0.698047859
Severe_AH,0,0,0,0,0,0,0,0.00123469,0,0,0,0,0,0,0,0,0,0,0,0,0,0,0,0,0,0,0,0,0,0,0,0,0,0,0.001037139,0,0,0,0,0,0.001135915,0,0,0,0,0,0.005877124,0,0,0,0,0,0,0,0,0,0.003852232,0,0,0,0,0,0,0,0,0,0,0,0,0,0,0,0,0,0,0.001827341,0,0,0,0,0,0.006371,0,0,0,0,0,0.00370407,0,0,0,0,0,0,0,0.015705255,0,0,0,0,0,0,0,0,0,0,0,0,0,0,0,0,0.103318846,0,0,0,0.014470565,0.220367444,0,0,0,0,0,0,0,0,0,0,0,0,0,0,0,0.381371,0,0,0,0,0,0,0,0,0.23972738,0,0,0,0,0,0,0
Severe_AH,0,0,0,0,0,0,0,0,0,0,0,0,0,0,0,0,0,0,0,0,0,0,0.002126387,0,0,0,0,0,0,0,0,0,0,0,0,0,0,0,0,0,0,0,0,0,0,0,0,0,0,0,0,0,0,0,0,0,0,0,0,0,0,0,0,0,0,0,0,0,0.001096418,0,0,0,0.019934879,0,0,0.017011097,0,0,0,0,0,0,0,0,0,0,0,0,0,0.001794139,0,0,0,0,0,0.012725098,0,0,0,0,0,0,0,0.002890558,0.001528341,0,0,0,0,0,0.001794139,0,0,0.001196093,0,0,0,0.128513522,0,0,0.002624759,0,0,0,0,0.003222806,0,0,0.009435843,0.002358961,0,0,0,0.007608479,0.00664496,0,0,0.00159479,0,0.003189581,0.007708153,0,0.05040202,0.108080271,0.045318626,0.007209781,0.001196093,0.013954416,0.006146588,0.532693202
Severe_AH,0,0,0,0,0.019011987,0.001985187,0,0.012980072,0,0,0,0,0,0,0,0,0,0,0,0,0,0,0,0,0,0,0,0,0,0,0,0,0,0,0,0,0,0,0.039016569,0,0,0,0,0.004352142,0.002137894,0,0,0,0,0,0,0,0.014736199,0,0,0,0,0,0,0,0,0.01611056,0,0,0,0,0.014278079,0.003283195,0,0,0,0,0,0,0.002214248,0.065511186,0,0,0,0.00748263,0,0,0.010002291,0,0,0.022906009,0,0,0,0,0.040161869,0,0,0,0,0.018706574,0,0,0.003130488,0,0,0.067954493,0,0.010918531,0.003206841,0,0.143544323,0,0,0,0.001298007,0,0,0.004657555,0.001298007,0,0.030999466,0.02519661,0,0,0,0.005650149,0,0.078567611,0,0,0.004199435,0,0.017103153,0.021608002,0,0,0,0.049858746,0,0,0.005344735,0,0,0,0,0,0.066503779,0.030464992,0.005573796,0.001527067,0,0.002977781,0,0.123539742
Severe_AH,0,0,0,0,0,0,0,0,0,0,0,0,0,0,0,0,0,0,0,0,0,0.001994327,0,0,0,0,0,0,0,0,0,0,0,0,0,0,0,0,0,0,0,0,0,0,0,0,0,0,0,0,0,0,0,0,0,0,0,0,0,0.002082964,0,0,0,0,0,0,0,0,0.001152278,0,0,0,0,0.005185251,0.001595462,0,0.002038646,0.030313774,0,0,0,0,0,0,0,0,0,0,0,0,0,0,0,0.012940968,0.001196596,0.001817054,0.004165928,0,0.006913668,0.008287538,0,0.001772735,0,0.00412161,0.085578798,0.001329551,0.006514802,0,0,0,0.001152278,0,0,0,0,0,0.007090941,0,0.002171601,0,0,0.001418188,0.002260238,0,0.001240915,0.010813686,0,0.002659103,0.004298883,0.002614785,0.006692076,0.029959227,0.001728417,0.02495125,0.001462507,0.006115937,0.021893281,0.017284169,0.007445488,0.006426166,0.007711399,0.012497784,0.002304556,0.033105832,0.002127282,0.091118596,0.03837972,0.001418188,0.018613721,0.454041837
Severe_AH,0,0,0,0,0,0,0,0,0,0,0,0,0,0,0,0,0,0,0,0,0,0,0,0,0,0,0,0,0,0,0,0,0,0,0,0,0,0,0,0,0,0,0,0.003285533,0,0,0,0,0,0,0,0,0,0,0,0,0,0,0,0,0,0.001950785,0.003798898,0,0,0,0,0,0,0.00246415,0,0,0,0,0,0.001026729,0,0,0,0,0,0.002806393,0,0,0,0.001437421,0,0.001266299,0,0,0,0,0,0,0,0,0,0,0,0,0,0,0,0.027995482,0,0,0,0,0,0,0.003285533,0,0.079811082,0.001266299,0,0,0,0.072829323,0,0,0.001163626,0,0,0,0.001471645,0,0,0.002429926,0.002019234,0,0,0.006365721,0,0.004551833,0.003319758,0.001711215,0,0,0,0.00198501,0.004243814,0,0.10482905,0.019302509,0.076354427,0.002361477,0.006536842,0.011259797,0.004620281,0.542249906
Severe_AH,0,0,0,0,0,0,0,0,0,0,0,0,0,0,0,0,0,0,0,0,0,0,0,0,0,0,0,0,0,0,0,0,0,0,0,0,0,0,0,0,0,0,0,0,0.002104377,0,0,0.03279822,0,0,0,0,0,0,0,0,0,0,0,0,0,0,0,0,0,0,0,0,0,0,0,0,0,0,0,0,0.128908129,0,0,0,0,0.002104377,0,0,0,0,0,0,0,0,0.002405002,0,0,0,0,0,0,0,0,0,0.026665464,0.015933141,0,0.001322751,0,0,0.018067581,0,0,0,0,0,0.036165224,0,0,0,0,0.026725589,0,0,0,0,0,0,0,0,0,0,0.021614959,0.040644541,0,0,0,0,0,0,0,0,0,0,0,0,0.003487253,0.346500722,0.177489177,0,0.001172439,0.010972823,0.001653439,0.103264791
Severe_AH,0,0,0,0,0,0,0,0,0,0,0,0,0,0.001336506,0,0,0,0,0,0,0,0,0,0,0,0,0,0,0,0,0,0,0,0,0,0,0,0,0,0,0.001629886,0.001238713,0,0,0,0,0,0.009322946,0,0,0,0,0,0,0,0,0,0.001499495,0,0.00114092,0,0,0,0,0,0,0,0.003618346,0,0,0,0,0,0,0,0.077549956,0.023991916,0.013886625,0,0,0,0,0,0,0,0,0,0.001499495,0,0,0,0,0,0.001955863,0,0.009225152,0,0,0.00312938,0,0,0,0,0,0.003781335,0,0.001271311,0,0,0,0,0,0,0,0,0,0.220914692,0.207093262,0.001043127,0.001369104,0,0,0.001695081,0,0,0,0,0.003553151,0,0,0.001629886,0.020862535,0,0,0.001271311,0,0,0,0,0.003161978,0.001662483,0.051308798,0.096391433,0.001466897,0.002510024,0.006454347,0.003357564,0.003064185,0.00697591,0.208136389
Severe_AH,0,0,0,0,0,0,0,0,0,0,0,0.005023548,0,0,0,0,0,0,0,0,0,0,0,0,0,0,0,0,0,0,0,0,0,0,0,0,0,0,0,0,0,0,0,0,0,0,0,0,0,0,0,0,0,0,0,0,0,0,0,0.001988488,0,0,0,0,0,0,0.041548927,0.025693354,0,0,0,0,0,0.005232862,0,0.010675039,0,0.042438514,0,0,0,0,0,0,0,0,0,0,0,0,0.002878074,0,0.002773417,0,0,0,0,0,0,0,0.009942439,0.148560963,0.010361068,0,0.003192046,0,0.127891156,0,0,0,0.005651491,0,0,0,0,0,0.347095761,0.018105704,0,0,0,0.00381999,0,0,0,0,0,0,0,0,0,0.020774464,0.002145474,0,0,0,0.00266876,0.003453689,0.007796965,0.004343276,0.001203558,0.00455259,0.003506018,0.012035583,0.003610675,0.003610675,0.002145474,0.002930403,0.004395604,0.107953951
Severe_AH,0,0,0,0,0,0,0,0,0,0,0,0,0,0,0,0.018885816,0.001382853,0,0,0,0,0,0,0,0,0,0,0,0,0,0,0,0,0,0,0,0,0,0,0,0,0,0,0,0,0,0,0,0,0,0.002765705,0,0,0,0,0,0,0,0,0,0.001817463,0.001422363,0,0,0.009719478,0,0,0,0.001817463,0,0,0,0,0,0,0,0,0,0,0,0.003990518,0,0,0.013512446,0.018411695,0,0.008020545,0.001066772,0.001501383,0.004109048,0,0.017937574,0,0,0.00533386,0,0.005689451,0,0.003160806,0,0.013077835,0,0,0,0,0,0,0.009877519,0.07878309,0.00529435,0,0.006795733,0.003397866,0,0.011853023,0.009521928,0,0,0.015329909,0.002528645,0.001264322,0.021770051,0.004109048,0.030580798,0.100632161,0.009126827,0.025997629,0.075582774,0.005847491,0.004504149,0,0,0.009758989,0.016831292,0.019280917,0.020347689,0.022204662,0.012129593,0.003832477,0.004938759,0.029276966,0.003002766,0.048636902,0,0.014302647,0.006479652,0.124101146,0.045001976,0.024496247,0.038956934
Severe_AH,0,0.008126461,0.012430888,0,0,0,0,0,0,0,0,0,0,0,0,0,0,0,0,0,0.018145386,0,0,0,0,0,0,0,0.001410071,0,0,0,0,0,0,0,0,0,0,0,0.001224535,0,0,0,0,0,0,0,0,0,0,0,0,0,0,0,0,0,0,0,0,0,0,0,0,0,0,0,0,0,0,0,0,0,0,0,0,0,0,0,0,0,0,0,0,0.191992282,0,0,0,0,0,0,0,0,0,0.075809863,0,0,0,0,0,0,0,0,0,0,0.001447178,0,0,0,0.001224535,0,0,0,0,0,0.001892464,0.059853798,0,0,0,0,0,0,0,0,0,0,0,0.006271105,0,0,0,0.011391888,0,0,0,0,0,0,0,0,0,0,0.006048462,0,0,0.001781142,0,0.600949942
Severe_AH,0,0,0,0.117309478,0,0,0,0,0,0,0,0,0,0,0,0,0,0,0,0.495738037,0,0,0,0,0,0,0,0,0,0,0,0,0,0,0,0,0,0,0,0,0,0,0,0,0,0.386952485,0,0,0,0,0,0,0,0,0,0,0,0,0,0,0,0,0,0,0,0,0,0,0,0,0,0,0,0,0,0,0,0,0,0,0,0,0,0,0,0,0,0,0,0,0,0,0,0,0,0,0,0,0,0,0,0,0,0,0,0,0,0,0,0,0,0,0,0,0,0,0,0,0,0,0,0,0,0,0,0,0,0,0,0,0,0,0,0,0,0,0,0,0,0,0,0,0,0,0,0,0,0,0,0
Severe_AH,0,0,0,0,0,0,0,0,0.322558398,0.007016702,0,0,0,0,0,0,0,0,0,0,0,0,0,0,0,0,0,0,0,0,0,0,0,0,0,0,0,0,0,0,0,0,0,0,0,0.001109479,0,0,0,0.003238478,0,0,0,0,0,0,0,0,0.004168041,0,0,0,0,0,0,0,0,0,0,0,0,0,0,0,0,0.001259408,0,0,0,0.514588144,0,0,0,0,0,0,0,0,0,0,0,0,0,0,0,0.001949084,0,0,0,0,0,0,0,0,0,0,0,0,0.002608774,0,0,0,0.006596899,0,0.001559267,0,0.00314852,0.016912051,0,0,0,0,0,0.001349366,0,0.001949084,0.002128999,0.001649225,0.001919098,0,0.001499295,0.00131938,0,0,0,0,0,0.002158985,0.002578788,0.001529281,0,0.003598309,0.034783652,0,0.005247534,0.005247534,0.009955321,0.004887703,0.001409338,0.030075864
Severe_AH,0,0.056419555,0.033475138,0,0,0,0,0,0,0,0,0,0,0,0,0,0,0,0,0,0.037275961,0,0,0,0,0,0,0,0,0,0,0,0,0,0,0,0,0,0,0,0,0,0,0,0,0,0,0,0,0,0,0,0,0,0,0,0,0,0,0,0,0,0,0,0,0,0,0,0,0,0,0,0,0.004044912,0,0,0,0,0,0,0,0,0,0,0,0,0,0,0,0,0,0,0,0,0,0,0,0,0,0,0,0,0,0,0,0,0,0,0,0,0.02688472,0,0.036508822,0,0,0,0,0,0,0,0,0,0,0,0,0,0,0.054885278,0.009519492,0,0,0,0,0.010216891,0,0,0,0,0,0,0,0,0.004672571,0.021828579,0.003486994,0.001813237,0.027721598,0.002859335,0.001115838,0.667271079
Severe_AH,0,0,0,0,0,0,0,0,0.013736264,0,0,0,0,0,0,0,0,0,0,0.002747253,0,0,0,0,0,0.014423077,0,0,0.007783883,0.004120879,0,0,0,0,0,0,0,0,0,0,0,0,0,0.092490842,0,0.001602564,0,0,0,0.008928571,0,0,0,0.004578755,0,0,0,0,0,0,0,0,0,0,0,0,0.007326007,0,0,0,0,0,0,0,0,0,0.003663004,0.002747253,0,0,0,0.001373626,0,0,0,0.001602564,0,0.009386447,0,0,0,0,0,0,0.001602564,0.020604396,0,0,0,0,0,0.030906593,0,0,0,0,0.034111722,0.00206044,0,0,0,0,0.006868132,0.00206044,0.005952381,0,0.020833333,0.10989011,0,0,0,0,0.001373626,0.003663004,0.002747253,0,0,0.001373626,0,0,0.001144689,0.001144689,0.003434066,0.002289377,0.006410256,0,0.001373626,0.009157509,0.001602564,0.001144689,0.01510989,0.013965201,0.241071429,0.010531136,0.029532967,0.023580586,0.016712454,0.016483516,0.004807692,0.179945055
Severe_AH,0,0.010580314,0.004488618,0,0,0,0,0.018275088,0,0,0,0,0,0,0.011862777,0,0,0,0.002564925,0,0.003526771,0,0,0,0,0.013465854,0,0.037512023,0,0,0,0,0,0,0,0,0,0,0.013465854,0.028214171,0,0.003206156,0,0.07983328,0,0,0,0,0,0.021481244,0,0,0,0,0,0,0,0.00288554,0,0,0,0.005450465,0,0,0.00288554,0,0.002244309,0,0,0,0,0,0,0,0,0.131131773,0,0,0.009297852,0,0,0,0,0,0,0.007053543,0,0,0,0,0,0,0,0,0.003526771,0,0,0,0,0,0,0,0,0,0.007694774,0,0,0.00288554,0.002564925,0,0,0,0.017313241,0.002244309,0,0,0.359730683,0.054184033,0,0,0,0,0,0,0,0,0.006091696,0.004168003,0,0.004488618,0.002564925,0.004809234,0,0.008977236,0,0,0.007053543,0,0.004168003,0.003847387,0,0.011862777,0.01955755,0.002564925,0.008336005,0.003526771,0.020198782,0,0.002564925,0.025649247
Severe_AH,0,0,0,0,0,0,0,0.005781821,0,0,0,0,0,0,0,0,0,0,0,0,0,0,0,0,0,0,0,0,0,0,0,0,0,0,0,0,0,0,0.013264178,0,0,0,0,0.003571125,0,0,0,0,0,0,0,0.008672732,0,0,0,0,0,0,0,0,0,0.003401071,0,0,0,0,0,0,0,0,0,0,0,0,0,0.009948134,0,0,0,0,0,0,0,0,0,0,0,0.009948134,0,0,0,0,0,0,0,0,0,0,0,0,0,0,0,0,0,0,0,0,0,0,0,0,0,0,0,0,0.064960463,0.026783437,0,0,0,0,0,0,0,0,0,0,0,0,0,0,0,0,0,0,0,0,0,0,0,0,0.853668906,0,0,0,0,0,0,0
Severe_AH,0,0,0,0,0,0,0,0,0,0,0,0,0,0,0,0,0,0,0,0,0,0,0,0,0,0,0,0,0,0,0,0,0,0,0,0,0,0,0,0,0,0,0,0,0,0,0,0,0,0,0,0,0,0,0,0,0,0,0.003280886,0,0,0,0,0,0,0,0,0,0,0,0,0,0,0,0,0,0,0,0,0,0,0.019932266,0,0,0,0,0,0.001128907,0,0,0,0,0,0,0,0.002328371,0,0,0,0,0,0,0,0,0,0,0,0,0,0,0,0,0.684646864,0,0,0,0.001587526,0.011042122,0,0,0,0,0,0,0,0,0,0,0,0,0,0,0,0.214104283,0,0,0,0,0,0,0,0,0.061948776,0,0,0,0,0,0,0
